,orgAreaNm,gb,ph,td,jy,ec,tp,sopCheck,siguCd,dongCd
0,명장정수장,정수장,6.80,점검중,0.61,-,-,점검중,710,330
1,고촌배수지,배수지,7.06,0.04,0.15,173.65,24.05,정상,710,330
2,정관(택지)고지배수지,배수지,7.09,0.08,0.18,-,-,정상,710,330
3,철마면,블록,7.46,0.04,0.51,180.75,26.20,정상,710,330
4,화명정수장,정수장,6.98,0.12,0.70,-,-,정상,710,310
5,덕천가압장,가압장,7.39,0.12,0.57,277.13,29.90,정상,710,310
6,좌동2배수지,배수지,7.15,0.10,0.30,249.66,29.10,정상,710,310
7,일광읍,블록,7.14,0.04,0.38,-,8.78,정상,710,310
8,명장정수장,정수장,6.80,점검중,0.61,-,-,점검중,710,256
9,정관(택지)저지배수지,배수지,7.89,0.12,0.32,206.96,29.17,정상,710,256
10,정관산단배수지,배수지,7.35,0.07,0.25,186.73,26.20,정상,710,256
11,정관(택지)고지배수지,배수지,7.09,0.08,0.18,-,-,정상,710,256
12,정관읍,블록,7.26,0.07,0.29,209.28,25.90,정상,710,256
13,화명정수장,정수장,6.98,0.12,0.70,-,-,정상,710,253
14,덕천가압장,가압장,7.39,0.12,0.57,277.13,29.90,정상,710,253
15,좌동2배수지,배수지,7.15,0.10,0.30,249.66,29.10,정상,710,253
16,장안읍,블록,7.14,0.04,0.38,-,8.78,정상,710,253
17,화명정수장,정수장,6.98,0.12,0.70,-,-,정상,710,250
18,덕천가압장,가압장,7.39,0.12,0.57,277.13,29.90,정상,710,250
19,좌동2배수지,배수지,7.15,0.10,0.30,249.66,29.10,정상,710,250
20,기장읍,블록,7.01,0.11,0.35,374.24,29.93,정상,710,250
21,덕산정수장,정수장,6.74,0.10,1.05,-,-,정상,530,680
22,사상가압장(기설),가압장,7.12,0.07,0.71,274.29,27.15,정상,530,680
23,엄궁배수지,배수지,7.16,0.10,0.36,-,-,정상,530,680
24,엄궁동,블록,7.25,0.10,0.41,265.30,28.70,정상,530,680
25,덕산정수장,정수장,6.74,0.10,1.05,-,-,정상,530,670
26,학장동,블록,7.31,0.08,0.41,216.55,29.80,정상,530,670
27,덕산정수장,정수장,6.74,0.10,1.05,-,-,정상,530,661
28,덕산정수장,정수장,6.74,0.10,1.05,-,-,정상,530,660
29,사상가압장(신설),가압장,7.15,0.08,0.73,242.67,28.70,정상,530,660
30,수정산터널배수지,배수지,7.19,0.13,0.43,-,-,정상,530,660
31,덕산정수장,정수장,6.74,0.10,1.05,-,-,정상,530,650
32,사상가압장(신설),가압장,7.15,0.08,0.73,242.67,28.70,정상,530,650
33,주례1배수지,배수지,7.65,0.06,0.09,287.00,28.70,정상,530,650
34,주례1동,블록,7.34,0.12,0.63,277.43,28.80,정상,530,650
35,덕산정수장,정수장,6.74,0.10,1.05,-,-,정상,530,645
36,감전동,블록,점검중,0.16,점검중,-,-,정상,530,645
37,덕산정수장,정수장,6.74,0.10,1.05,-,-,정상,530,620
38,괘법동,블록,점검중,0.16,점검중,-,-,정상,530,620
39,덕산정수장,정수장,6.74,0.10,1.05,-,-,정상,530,610
40,사상가압장(신설),가압장,7.15,0.08,0.73,242.67,28.70,정상,530,610
41,모라배수지,배수지,점검중,점검중,점검중,-,-,점검중,530,610
42,덕포2동,블록,7.32,0.07,0.50,227.70,28.40,정상,530,610
43,덕산정수장,정수장,6.74,0.10,1.05,-,-,정상,530,600
44,덕산정수장,정수장,6.74,0.10,1.05,-,-,정상,530,593
45,사상가압장(신설),가압장,7.15,0.08,0.73,242.67,28.70,정상,530,593
46,덕산정수장,정수장,6.74,0.10,1.05,-,-,정상,530,592
47,사상가압장(신설),가압장,7.15,0.08,0.73,242.67,28.70,정상,530,592
48,덕산정수장,정수장,6.74,0.10,1.05,-,-,정상,530,591
49,사상가압장(신설),가압장,7.15,0.08,0.73,242.67,28.70,정상,530,591
50,모라배수지,배수지,점검중,점검중,점검중,-,-,점검중,530,591
51,덕산정수장,정수장,6.74,0.10,1.05,-,-,정상,530,580
52,화명정수장,정수장,6.98,0.12,0.70,-,-,정상,500,800
53,덕천가압장,가압장,7.39,0.12,0.57,277.13,29.90,정상,500,800
54,민락동,블록,7.20,0.14,0.35,318.79,29.50,정상,500,800
55,화명정수장,정수장,6.98,0.12,0.70,-,-,정상,500,790
56,덕천가압장,가압장,7.39,0.12,0.57,277.13,29.90,정상,500,790
57,화명정수장,정수장,6.98,0.12,0.70,-,-,정상,500,780
58,덕천가압장,가압장,7.39,0.12,0.57,277.13,29.90,정상,500,780
59,광안3동,블록,7.63,0.10,0.12,249.13,29.80,정상,500,780
60,화명정수장,정수장,6.98,0.12,0.70,-,-,정상,500,770
61,덕천가압장,가압장,7.39,0.12,0.57,277.13,29.90,정상,500,770
62,화명정수장,정수장,6.98,0.12,0.70,-,-,정상,500,760
63,덕천가압장,가압장,7.39,0.12,0.57,277.13,29.90,정상,500,760
64,명장정수장,정수장,6.80,점검중,0.61,-,-,점검중,500,750
65,화명정수장,정수장,6.98,0.12,0.70,-,-,정상,500,750
66,덕천가압장,가압장,7.39,0.12,0.57,277.13,29.90,정상,500,750
67,명장배수지,배수지,7.63,0.04,0.44,245.00,26.60,정상,500,750
68,화명정수장,정수장,6.98,0.12,0.70,-,-,정상,500,740
69,덕천가압장,가압장,7.39,0.12,0.57,277.13,29.90,정상,500,740
70,망미배수지,배수지,7.33,0.07,0.29,-,-,정상,500,740
71,연산배수지,배수지,7.11,0.10,0.19,249.23,29.23,정상,500,740
72,망미1동,블록,7.63,0.10,0.12,249.13,29.80,정상,500,740
73,화명정수장,정수장,6.98,0.12,0.70,-,-,정상,500,730
74,덕천가압장,가압장,7.39,0.12,0.57,277.13,29.90,정상,500,730
75,화명정수장,정수장,6.98,0.12,0.70,-,-,정상,500,670
76,덕천가압장,가압장,7.39,0.12,0.57,277.13,29.90,정상,500,670
77,남천2동,블록,7.63,0.18,0.40,-,-,정상,500,670
78,화명정수장,정수장,6.98,0.12,0.70,-,-,정상,500,660
79,덕천가압장,가압장,7.39,0.12,0.57,277.13,29.90,정상,500,660
80,남천1동,블록,7.63,0.18,0.40,-,-,정상,500,660
81,명장정수장,정수장,6.80,점검중,0.61,-,-,점검중,470,730
82,화명정수장,정수장,6.98,0.12,0.70,-,-,정상,470,730
83,덕천가압장,가압장,7.39,0.12,0.57,277.13,29.90,정상,470,730
84,명장배수지,배수지,7.63,0.04,0.44,245.00,26.60,정상,470,730
85,연산배수지,배수지,7.11,0.10,0.19,249.23,29.23,정상,470,730
86,연산9동,블록,7.16,0.16,0.66,92.92,29.86,정상,470,730
87,화명정수장,정수장,6.98,0.12,0.70,-,-,정상,470,720
88,덕천가압장,가압장,7.39,0.12,0.57,277.13,29.90,정상,470,720
89,연산8동,블록,6.76,0.16,0.12,330.24,29.86,정상,470,720
90,화명정수장,정수장,6.98,0.12,0.70,-,-,정상,470,700
91,덕천가압장,가압장,7.39,0.12,0.57,277.13,29.90,정상,470,700
92,덕산정수장,정수장,6.74,0.10,1.05,-,-,정상,470,690
93,화명정수장,정수장,6.98,0.12,0.70,-,-,정상,470,690
94,덕천가압장,가압장,7.39,0.12,0.57,277.13,29.90,정상,470,690
95,사상가압장(신설),가압장,7.15,0.08,0.73,242.67,28.70,정상,470,690
96,화명정수장,정수장,6.98,0.12,0.70,-,-,정상,470,680
97,덕천가압장,가압장,7.39,0.12,0.57,277.13,29.90,정상,470,680
98,화명정수장,정수장,6.98,0.12,0.70,-,-,정상,470,670
99,덕천가압장,가압장,7.39,0.12,0.57,277.13,29.90,정상,470,670
100,연산배수지,배수지,7.11,0.10,0.19,249.23,29.23,정상,470,670
101,화명정수장,정수장,6.98,0.12,0.70,-,-,정상,470,660
102,덕천가압장,가압장,7.39,0.12,0.57,277.13,29.90,정상,470,660
103,연산배수지,배수지,7.11,0.10,0.19,249.23,29.23,정상,470,660
104,화명정수장,정수장,6.98,0.12,0.70,-,-,정상,470,650
105,덕천가압장,가압장,7.39,0.12,0.57,277.13,29.90,정상,470,650
106,화명정수장,정수장,6.98,0.12,0.70,-,-,정상,470,640
107,덕천가압장,가압장,7.39,0.12,0.57,277.13,29.90,정상,470,640
108,거제배수지,배수지,6.90,0.03,0.12,-,-,정상,470,640
109,덕산정수장,정수장,6.74,0.10,1.05,-,-,정상,470,630
110,사상가압장(신설),가압장,7.15,0.08,0.73,242.67,28.70,정상,470,630
111,덕산정수장,정수장,6.74,0.10,1.05,-,-,정상,470,620
112,화명정수장,정수장,6.98,0.12,0.70,-,-,정상,470,620
113,덕천가압장,가압장,7.39,0.12,0.57,277.13,29.90,정상,470,620
114,사상가압장(신설),가압장,7.15,0.08,0.73,242.67,28.70,정상,470,620
115,거제배수지,배수지,6.90,0.03,0.12,-,-,정상,470,620
116,덕산정수장,정수장,6.74,0.10,1.05,-,-,정상,470,610
117,화명정수장,정수장,6.98,0.12,0.70,-,-,정상,470,610
118,덕천가압장,가압장,7.39,0.12,0.57,277.13,29.90,정상,470,610
119,사상가압장(신설),가압장,7.15,0.08,0.73,242.67,28.70,정상,470,610
120,덕산정수장,정수장,6.74,0.10,1.05,-,-,정상,440,560
121,녹산배수지,배수지,7.20,0.23,0.44,-,-,정상,440,560
122,지사생활용수배수지,배수지,7.18,0.09,0.45,-,-,정상,440,560
123,녹산동,블록,7.21,0.07,0.52,247.00,28.00,정상,440,560
124,덕산정수장,정수장,6.74,0.10,1.05,-,-,정상,440,550
125,덕산정수장,정수장,6.74,0.10,1.05,-,-,정상,440,540
126,명지동,블록,6.95,0.17,0.51,-,-,정상,440,540
127,덕산정수장,정수장,6.74,0.10,1.05,-,-,정상,440,530
128,강동동,블록,6.95,0.17,0.51,-,-,정상,440,530
129,덕산정수장,정수장,6.74,0.10,1.05,-,-,정상,440,520
130,대저2동,블록,7.63,0.19,0.79,-,-,정상,440,520
131,덕산정수장,정수장,6.74,0.10,1.05,-,-,정상,440,510
132,대저1동,블록,7.63,0.19,0.79,-,-,정상,440,510
133,화명정수장,정수장,6.98,0.12,0.70,-,-,정상,410,700
134,덕천가압장,가압장,7.39,0.12,0.57,277.13,29.90,정상,410,700
135,화명정수장,정수장,6.98,0.12,0.70,-,-,정상,410,690
136,덕천가압장,가압장,7.39,0.12,0.57,277.13,29.90,정상,410,690
137,남산배수지,배수지,7.47,0.08,점검중,213.70,29.65,점검중,410,690
138,구서2동,블록,6.37,0.10,0.11,312.90,28.83,정상,410,690
139,화명정수장,정수장,6.98,0.12,0.70,-,-,정상,410,680
140,덕천가압장,가압장,7.39,0.12,0.57,277.13,29.90,정상,410,680
141,화명정수장,정수장,6.98,0.12,0.70,-,-,정상,410,670
142,덕천가압장,가압장,7.39,0.12,0.57,277.13,29.90,정상,410,670
143,남산배수지,배수지,7.47,0.08,점검중,213.70,29.65,점검중,410,670
144,남산동,블록,6.37,0.10,0.11,312.90,28.83,정상,410,670
145,화명정수장,정수장,6.98,0.12,0.70,-,-,정상,410,665
146,덕천가압장,가압장,7.39,0.12,0.57,277.13,29.90,정상,410,665
147,남산배수지,배수지,7.47,0.08,점검중,213.70,29.65,점검중,410,665
148,화명정수장,정수장,6.98,0.12,0.70,-,-,정상,410,635
149,덕천가압장,가압장,7.39,0.12,0.57,277.13,29.90,정상,410,635
150,화명정수장,정수장,6.98,0.12,0.70,-,-,정상,410,620
151,덕천가압장,가압장,7.39,0.12,0.57,277.13,29.90,정상,410,620
152,장전3동,블록,7.00,0.15,0.13,294.18,27.27,정상,410,620
153,화명정수장,정수장,6.98,0.12,0.70,-,-,정상,410,610
154,덕천가압장,가압장,7.39,0.12,0.57,277.13,29.90,정상,410,610
155,화명정수장,정수장,6.98,0.12,0.70,-,-,정상,410,600
156,덕천가압장,가압장,7.39,0.12,0.57,277.13,29.90,정상,410,600
157,장전1동,블록,7.00,0.15,0.13,294.18,27.27,정상,410,600
158,명장정수장,정수장,6.80,점검중,0.61,-,-,점검중,410,591
159,화명정수장,정수장,6.98,0.12,0.70,-,-,정상,410,591
160,덕천가압장,가압장,7.39,0.12,0.57,277.13,29.90,정상,410,591
161,서동배수지,배수지,7.02,0.07,0.31,-,-,정상,410,591
162,화명정수장,정수장,6.98,0.12,0.70,-,-,정상,410,590
163,덕천가압장,가압장,7.39,0.12,0.57,277.13,29.90,정상,410,590
164,화명정수장,정수장,6.98,0.12,0.70,-,-,정상,410,580
165,덕천가압장,가압장,7.39,0.12,0.57,277.13,29.90,정상,410,580
166,화명정수장,정수장,6.98,0.12,0.70,-,-,정상,410,570
167,덕천가압장,가압장,7.39,0.12,0.57,277.13,29.90,정상,410,570
168,명장정수장,정수장,6.80,점검중,0.61,-,-,점검중,410,550
169,화명정수장,정수장,6.98,0.12,0.70,-,-,정상,410,550
170,덕천가압장,가압장,7.39,0.12,0.57,277.13,29.90,정상,410,550
171,남산배수지,배수지,7.47,0.08,점검중,213.70,29.65,점검중,410,550
172,명장정수장,정수장,6.80,점검중,0.61,-,-,점검중,410,530
173,명장정수장,정수장,6.80,점검중,0.61,-,-,점검중,410,520
174,서동배수지,배수지,7.02,0.07,0.31,-,-,정상,410,520
175,명장정수장,정수장,6.80,점검중,0.61,-,-,점검중,410,510
176,서동배수지,배수지,7.02,0.07,0.31,-,-,정상,410,510
177,덕산정수장,정수장,6.74,0.10,1.05,-,-,정상,380,630
178,사상가압장(기설),가압장,7.12,0.07,0.71,274.29,27.15,정상,380,630
179,사상가압장(신설),가압장,7.15,0.08,0.73,242.67,28.70,정상,380,630
180,아미배수지,배수지,7.45,0.15,0.44,337.30,29.79,정상,380,630
181,덕산정수장,정수장,6.74,0.10,1.05,-,-,정상,380,620
182,사상가압장(기설),가압장,7.12,0.07,0.71,274.29,27.15,정상,380,620
183,사상가압장(신설),가압장,7.15,0.08,0.73,242.67,28.70,정상,380,620
184,감천배수지,배수지,7.07,0.08,0.28,295.75,29.10,정상,380,620
185,감천1동,블록,6.85,0.11,0.24,-,-,정상,380,620
186,덕산정수장,정수장,6.74,0.10,1.05,-,-,정상,380,610
187,사상가압장(신설),가압장,7.15,0.08,0.73,242.67,28.70,정상,380,610
188,덕산정수장,정수장,6.74,0.10,1.05,-,-,정상,380,602
189,사상가압장(기설),가압장,7.12,0.07,0.71,274.29,27.15,정상,380,602
190,덕산정수장,정수장,6.74,0.10,1.05,-,-,정상,380,601
191,다대가압장,가압장,6.96,0.08,0.37,-,-,정상,380,601
192,다대1동,블록,7.28,0.08,0.20,260.48,28.50,정상,380,601
193,덕산정수장,정수장,6.74,0.10,1.05,-,-,정상,380,590
194,사상가압장(기설),가압장,7.12,0.07,0.71,274.29,27.15,정상,380,590
195,덕산정수장,정수장,6.74,0.10,1.05,-,-,정상,380,580
196,덕산정수장,정수장,6.74,0.10,1.05,-,-,정상,380,572
197,사상가압장(기설),가압장,7.12,0.07,0.71,274.29,27.15,정상,380,572
198,사상가압장(신설),가압장,7.15,0.08,0.73,242.67,28.70,정상,380,572
199,아미배수지,배수지,7.45,0.15,0.44,337.30,29.79,정상,380,572
200,신평2동,블록,7.19,0.09,0.49,200.47,28.40,정상,380,572
201,덕산정수장,정수장,6.74,0.10,1.05,-,-,정상,380,571
202,사상가압장(기설),가압장,7.12,0.07,0.71,274.29,27.15,정상,380,571
203,신평배수지,배수지,7.67,점검중,점검중,-,-,점검중,380,571
204,덕산정수장,정수장,6.74,0.10,1.05,-,-,정상,380,562
205,사상가압장(신설),가압장,7.15,0.08,0.73,242.67,28.70,정상,380,562
206,하단2동,블록,7.35,0.08,0.45,-,-,정상,380,562
207,덕산정수장,정수장,6.74,0.10,1.05,-,-,정상,380,561
208,하단1동,블록,7.35,0.08,0.45,-,-,정상,380,561
209,덕산정수장,정수장,6.74,0.10,1.05,-,-,정상,380,550
210,사상가압장(기설),가압장,7.12,0.07,0.71,274.29,27.15,정상,380,550
211,사상가압장(신설),가압장,7.15,0.08,0.73,242.67,28.70,정상,380,550
212,덕산정수장,정수장,6.74,0.10,1.05,-,-,정상,380,540
213,사상가압장(신설),가압장,7.15,0.08,0.73,242.67,28.70,정상,380,540
214,덕산정수장,정수장,6.74,0.10,1.05,-,-,정상,380,530
215,사상가압장(기설),가압장,7.12,0.07,0.71,274.29,27.15,정상,380,530
216,사상가압장(신설),가압장,7.15,0.08,0.73,242.67,28.70,정상,380,530
217,대티2배수지,배수지,7.19,0.20,0.49,278.61,28.22,정상,380,530
218,덕산정수장,정수장,6.74,0.10,1.05,-,-,정상,380,520
219,사상가압장(기설),가압장,7.12,0.07,0.71,274.29,27.15,정상,380,520
220,대티2배수지,배수지,7.19,0.20,0.49,278.61,28.22,정상,380,520
221,괴정2동,블록,7.14,0.08,0.31,283.50,29.00,정상,380,520
222,덕산정수장,정수장,6.74,0.10,1.05,-,-,정상,380,510
223,사상가압장(신설),가압장,7.15,0.08,0.73,242.67,28.70,정상,380,510
224,명장정수장,정수장,6.80,점검중,0.61,-,-,점검중,350,660
225,반여배수지,배수지,7.54,0.11,0.06,282.58,24.31,정상,350,660
226,재송2동,블록,7.10,0.05,0.35,162.08,26.48,정상,350,660
227,명장정수장,정수장,6.80,점검중,0.61,-,-,점검중,350,650
228,화명정수장,정수장,6.98,0.12,0.70,-,-,정상,350,650
229,덕천가압장,가압장,7.39,0.12,0.57,277.13,29.90,정상,350,650
230,명장정수장,정수장,6.80,점검중,0.61,-,-,점검중,350,630
231,반송배수지,배수지,7.17,0.05,0.25,-,-,정상,350,630
232,명장정수장,정수장,6.80,점검중,0.61,-,-,점검중,350,620
233,명장정수장,정수장,6.80,점검중,0.61,-,-,점검중,350,610
234,반송배수지,배수지,7.17,0.05,0.25,-,-,정상,350,610
235,반송1동,블록,7.03,0.12,0.28,-,-,정상,350,610
236,명장정수장,정수장,6.80,점검중,0.61,-,-,점검중,350,595
237,명장배수지,배수지,7.63,0.04,0.44,245.00,26.60,정상,350,595
238,명장정수장,정수장,6.80,점검중,0.61,-,-,점검중,350,590
239,명장정수장,정수장,6.80,점검중,0.61,-,-,점검중,350,580
240,반여배수지,배수지,7.54,0.11,0.06,282.58,24.31,정상,350,580
241,반여2동,블록,7.10,0.05,0.35,162.08,26.48,정상,350,580
242,명장정수장,정수장,6.80,점검중,0.61,-,-,점검중,350,570
243,반여1동,블록,6.97,0.04,0.49,152.23,25.90,정상,350,570
244,화명정수장,정수장,6.98,0.12,0.70,-,-,정상,350,560
245,덕천가압장,가압장,7.39,0.12,0.57,277.13,29.90,정상,350,560
246,좌동2배수지,배수지,7.15,0.10,0.30,249.66,29.10,정상,350,560
247,화명정수장,정수장,6.98,0.12,0.70,-,-,정상,350,554
248,덕천가압장,가압장,7.39,0.12,0.57,277.13,29.90,정상,350,554
249,화명정수장,정수장,6.98,0.12,0.70,-,-,정상,350,553
250,덕천가압장,가압장,7.39,0.12,0.57,277.13,29.90,정상,350,553
251,좌동2배수지,배수지,7.15,0.10,0.30,249.66,29.10,정상,350,553
252,좌3동,블록,7.19,0.14,0.25,214.47,30.50,정상,350,553
253,화명정수장,정수장,6.98,0.12,0.70,-,-,정상,350,552
254,덕천가압장,가압장,7.39,0.12,0.57,277.13,29.90,정상,350,552
255,화명정수장,정수장,6.98,0.12,0.70,-,-,정상,350,551
256,덕천가압장,가압장,7.39,0.12,0.57,277.13,29.90,정상,350,551
257,좌1동,블록,7.08,0.15,0.23,195.16,29.51,정상,350,551
258,화명정수장,정수장,6.98,0.12,0.70,-,-,정상,350,540
259,덕천가압장,가압장,7.39,0.12,0.57,277.13,29.90,정상,350,540
260,중동배수지,배수지,7.29,점검중,0.18,334.94,29.01,정상,350,540
261,중2동,블록,7.08,0.17,0.29,284.59,29.96,정상,350,540
262,화명정수장,정수장,6.98,0.12,0.70,-,-,정상,350,530
263,덕천가압장,가압장,7.39,0.12,0.57,277.13,29.90,정상,350,530
264,중1동,블록,6.79,0.15,0.37,-,-,정상,350,530
265,화명정수장,정수장,6.98,0.12,0.70,-,-,정상,350,520
266,덕천가압장,가압장,7.39,0.12,0.57,277.13,29.90,정상,350,520
267,화명정수장,정수장,6.98,0.12,0.70,-,-,정상,350,510
268,덕천가압장,가압장,7.39,0.12,0.57,277.13,29.90,정상,350,510
269,우1동,블록,6.79,0.15,0.37,-,-,정상,350,510
270,화명정수장,정수장,6.98,0.12,0.70,-,-,정상,320,573
271,만덕1배수지,배수지,7.75,0.13,0.37,288.48,27.85,정상,320,573
272,만덕3동,블록,7.24,0.11,0.38,249.86,28.80,정상,320,573
273,덕천가압장,가압장,7.39,0.12,0.57,277.13,29.90,정상,320,572
274,만덕2배수지,배수지,7.23,0.11,0.36,233.48,26.80,정상,320,572
275,만덕5배수지,배수지,6.97,0.11,0.07,-,-,정상,320,572
276,만덕2동,블록,7.34,0.14,0.63,243.70,28.30,정상,320,572
277,화명정수장,정수장,6.98,0.12,0.70,-,-,정상,320,572
278,화명정수장,정수장,6.98,0.12,0.70,-,-,정상,320,571
279,덕천가압장,가압장,7.39,0.12,0.57,277.13,29.90,정상,320,571
280,만덕1배수지,배수지,7.75,0.13,0.37,288.48,27.85,정상,320,571
281,만덕2배수지,배수지,7.23,0.11,0.36,233.48,26.80,정상,320,571
282,화명정수장,정수장,6.98,0.12,0.70,-,-,정상,320,561
283,덕산정수장,정수장,6.74,0.10,1.05,-,-,정상,320,560
284,화명정수장,정수장,6.98,0.12,0.70,-,-,정상,320,560
285,만덕1배수지,배수지,7.75,0.13,0.37,288.48,27.85,정상,320,560
286,덕산정수장,정수장,6.74,0.10,1.05,-,-,정상,320,550
287,화명정수장,정수장,6.98,0.12,0.70,-,-,정상,320,550
288,만덕1배수지,배수지,7.75,0.13,0.37,288.48,27.85,정상,320,550
289,화명정수장,정수장,6.98,0.12,0.70,-,-,정상,320,543
290,금곡배수지,배수지,7.75,0.13,0.38,241.62,27.60,정상,320,543
291,화명3동,블록,7.38,0.13,0.40,205.04,28.90,정상,320,543
292,화명정수장,정수장,6.98,0.12,0.70,-,-,정상,320,542
293,금곡배수지,배수지,7.75,0.13,0.38,241.62,27.60,정상,320,542
294,화명2동,블록,7.38,0.13,0.40,205.04,28.90,정상,320,542
295,화명정수장,정수장,6.98,0.12,0.70,-,-,정상,320,541
296,화명정수장,정수장,6.98,0.12,0.70,-,-,정상,320,530
297,금곡배수지,배수지,7.75,0.13,0.38,241.62,27.60,정상,320,530
298,금곡동,블록,7.38,0.13,0.40,205.04,28.90,정상,320,530
299,화명정수장,정수장,6.98,0.12,0.70,-,-,정상,320,521
300,덕천가압장,가압장,7.39,0.12,0.57,277.13,29.90,정상,320,521
301,구포가압장,가압장,7.09,0.09,0.25,-,-,정상,320,521
302,구포2배수지,배수지,7.09,0.09,0.25,-,-,정상,320,521
303,화명정수장,정수장,6.98,0.12,0.70,-,-,정상,320,520
304,구포2동,블록,7.12,0.13,0.49,231.54,28.85,정상,320,520
305,덕산정수장,정수장,6.74,0.10,1.05,-,-,정상,320,510
306,화명정수장,정수장,6.98,0.12,0.70,-,-,정상,290,710
307,덕천가압장,가압장,7.39,0.12,0.57,277.13,29.90,정상,290,710
308,덕산정수장,정수장,6.74,0.10,1.05,-,-,정상,290,700
309,사상가압장(신설),가압장,7.15,0.08,0.73,242.67,28.70,정상,290,700
310,전포2배수지,배수지,7.14,점검중,0.46,286.61,28.10,점검중,290,700
311,문현배수지,배수지,7.07,0.07,0.21,295.94,30.33,정상,290,700
312,덕산정수장,정수장,6.74,0.10,1.05,-,-,정상,290,690
313,사상가압장(신설),가압장,7.15,0.08,0.73,242.67,28.70,정상,290,690
314,전포2배수지,배수지,7.14,점검중,0.46,286.61,28.10,점검중,290,690
315,문현배수지,배수지,7.07,0.07,0.21,295.94,30.33,정상,290,690
316,덕산정수장,정수장,6.74,0.10,1.05,-,-,정상,290,680
317,사상가압장(신설),가압장,7.15,0.08,0.73,242.67,28.70,정상,290,680
318,전포2배수지,배수지,7.14,점검중,0.46,286.61,28.10,점검중,290,680
319,문현배수지,배수지,7.07,0.07,0.21,295.94,30.33,정상,290,680
320,화명정수장,정수장,6.98,0.12,0.70,-,-,정상,290,650
321,덕천가압장,가압장,7.39,0.12,0.57,277.13,29.90,정상,290,650
322,화명정수장,정수장,6.98,0.12,0.70,-,-,정상,290,645
323,덕천가압장,가압장,7.39,0.12,0.57,277.13,29.90,정상,290,645
324,감만배수지,배수지,7.28,0.18,0.26,-,-,정상,290,645
325,우암동,블록,7.26,0.09,0.15,289.87,29.40,정상,290,645
326,화명정수장,정수장,6.98,0.12,0.70,-,-,정상,290,640
327,덕천가압장,가압장,7.39,0.12,0.57,277.13,29.90,정상,290,640
328,화명정수장,정수장,6.98,0.12,0.70,-,-,정상,290,630
329,덕천가압장,가압장,7.39,0.12,0.57,277.13,29.90,정상,290,630
330,감만배수지,배수지,7.28,0.18,0.26,-,-,정상,290,630
331,감만2동,블록,7.36,0.10,0.27,289.87,29.40,정상,290,630
332,화명정수장,정수장,6.98,0.12,0.70,-,-,정상,290,620
333,덕천가압장,가압장,7.39,0.12,0.57,277.13,29.90,정상,290,620
334,감만배수지,배수지,7.28,0.18,0.26,-,-,정상,290,620
335,감만1동,블록,7.36,0.10,0.27,-,-,정상,290,620
336,화명정수장,정수장,6.98,0.12,0.70,-,-,정상,290,610
337,덕천가압장,가압장,7.39,0.12,0.57,277.13,29.90,정상,290,610
338,감만배수지,배수지,7.28,0.18,0.26,-,-,정상,290,610
339,화명정수장,정수장,6.98,0.12,0.70,-,-,정상,290,600
340,덕천가압장,가압장,7.39,0.12,0.57,277.13,29.90,정상,290,600
341,용호2배수지,배수지,7.01,0.12,0.29,-,-,정상,290,600
342,용호4동,블록,7.34,0.10,0.21,279.51,29.50,정상,290,600
343,화명정수장,정수장,6.98,0.12,0.70,-,-,정상,290,590
344,덕천가압장,가압장,7.39,0.12,0.57,277.13,29.90,정상,290,590
345,화명정수장,정수장,6.98,0.12,0.70,-,-,정상,290,580
346,덕천가압장,가압장,7.39,0.12,0.57,277.13,29.90,정상,290,580
347,용호2배수지,배수지,7.01,0.12,0.29,-,-,정상,290,580
348,용호2동,블록,7.34,0.10,0.21,279.51,29.50,정상,290,580
349,화명정수장,정수장,6.98,0.12,0.70,-,-,정상,290,570
350,덕천가압장,가압장,7.39,0.12,0.57,277.13,29.90,정상,290,570
351,덕산정수장,정수장,6.74,0.10,1.05,-,-,정상,290,560
352,화명정수장,정수장,6.98,0.12,0.70,-,-,정상,290,560
353,덕천가압장,가압장,7.39,0.12,0.57,277.13,29.90,정상,290,560
354,사상가압장(신설),가압장,7.15,0.08,0.73,242.67,28.70,정상,290,560
355,전포2배수지,배수지,7.14,점검중,0.46,286.61,28.10,점검중,290,560
356,문현배수지,배수지,7.07,0.07,0.21,295.94,30.33,정상,290,560
357,덕산정수장,정수장,6.74,0.10,1.05,-,-,정상,290,550
358,화명정수장,정수장,6.98,0.12,0.70,-,-,정상,290,550
359,덕천가압장,가압장,7.39,0.12,0.57,277.13,29.90,정상,290,550
360,사상가압장(신설),가압장,7.15,0.08,0.73,242.67,28.70,정상,290,550
361,전포2배수지,배수지,7.14,점검중,0.46,286.61,28.10,점검중,290,550
362,문현배수지,배수지,7.07,0.07,0.21,295.94,30.33,정상,290,550
363,화명정수장,정수장,6.98,0.12,0.70,-,-,정상,290,540
364,덕천가압장,가압장,7.39,0.12,0.57,277.13,29.90,정상,290,540
365,감만배수지,배수지,7.28,0.18,0.26,-,-,정상,290,540
366,대연4동,블록,7.26,0.09,0.15,289.87,29.40,정상,290,540
367,화명정수장,정수장,6.98,0.12,0.70,-,-,정상,290,530
368,덕천가압장,가압장,7.39,0.12,0.57,277.13,29.90,정상,290,530
369,대연3동,블록,7.28,0.16,0.38,321.98,-,정상,290,530
370,화명정수장,정수장,6.98,0.12,0.70,-,-,정상,290,520
371,덕천가압장,가압장,7.39,0.12,0.57,277.13,29.90,정상,290,520
372,화명정수장,정수장,6.98,0.12,0.70,-,-,정상,290,510
373,덕천가압장,가압장,7.39,0.12,0.57,277.13,29.90,정상,290,510
374,명장정수장,정수장,6.80,점검중,0.61,-,-,점검중,260,762
375,명장배수지,배수지,7.63,0.04,0.44,245.00,26.60,정상,260,762
376,서동배수지,배수지,7.02,0.07,0.31,-,-,정상,260,762
377,명장정수장,정수장,6.80,점검중,0.61,-,-,점검중,260,761
378,명장배수지,배수지,7.63,0.04,0.44,245.00,26.60,정상,260,761
379,명장정수장,정수장,6.80,점검중,0.61,-,-,점검중,260,750
380,명장배수지,배수지,7.63,0.04,0.44,245.00,26.60,정상,260,750
381,명장정수장,정수장,6.80,점검중,0.61,-,-,점검중,260,740
382,명장배수지,배수지,7.63,0.04,0.44,245.00,26.60,정상,260,740
383,화명정수장,정수장,6.98,0.12,0.70,-,-,정상,260,600
384,덕천가압장,가압장,7.39,0.12,0.57,277.13,29.90,정상,260,600
385,사직3동,블록,7.09,0.17,0.49,-,-,정상,260,600
386,화명정수장,정수장,6.98,0.12,0.70,-,-,정상,260,590
387,덕천가압장,가압장,7.39,0.12,0.57,277.13,29.90,정상,260,590
388,화명정수장,정수장,6.98,0.12,0.70,-,-,정상,260,580
389,덕천가압장,가압장,7.39,0.12,0.57,277.13,29.90,정상,260,580
390,화명정수장,정수장,6.98,0.12,0.70,-,-,정상,260,570
391,덕천가압장,가압장,7.39,0.12,0.57,277.13,29.90,정상,260,570
392,화명정수장,정수장,6.98,0.12,0.70,-,-,정상,260,560
393,덕천가압장,가압장,7.39,0.12,0.57,277.13,29.90,정상,260,560
394,화명정수장,정수장,6.98,0.12,0.70,-,-,정상,260,550
395,덕천가압장,가압장,7.39,0.12,0.57,277.13,29.90,정상,260,550
396,온천1동,블록,7.26,0.12,0.49,-,-,정상,260,550
397,서동배수지,배수지,7.02,0.07,0.31,-,-,정상,260,545
398,명장정수장,정수장,6.80,점검중,0.61,-,-,점검중,260,545
399,명장배수지,배수지,7.63,0.04,0.44,245.00,26.60,정상,260,545
400,명장정수장,정수장,6.80,점검중,0.61,-,-,점검중,260,520
401,명장배수지,배수지,7.63,0.04,0.44,245.00,26.60,정상,260,520
402,명장정수장,정수장,6.80,점검중,0.61,-,-,점검중,260,510
403,화명정수장,정수장,6.98,0.12,0.70,-,-,정상,260,510
404,덕천가압장,가압장,7.39,0.12,0.57,277.13,29.90,정상,260,510
405,명장배수지,배수지,7.63,0.04,0.44,245.00,26.60,정상,260,510
406,덕산정수장,정수장,6.74,0.10,1.05,-,-,정상,230,790
407,사상가압장(신설),가압장,7.15,0.08,0.73,242.67,28.70,정상,230,790
408,개금1배수지,배수지,7.24,0.10,0.51,223.11,30.40,정상,230,790
409,수정산터널배수지,배수지,7.19,0.13,0.43,-,-,정상,230,790
410,덕산정수장,정수장,6.74,0.10,1.05,-,-,정상,230,780
411,사상가압장(신설),가압장,7.15,0.08,0.73,242.67,28.70,정상,230,780
412,개금1배수지,배수지,7.24,0.10,0.51,223.11,30.40,정상,230,780
413,수정산터널배수지,배수지,7.19,0.13,0.43,-,-,정상,230,780
414,안창배수지,배수지,6.95,0.08,0.33,-,-,정상,230,780
415,범천2동,블록,7.03,0.09,0.29,235.10,29.30,정상,230,780
416,덕산정수장,정수장,6.74,0.10,1.05,-,-,정상,230,770
417,사상가압장(신설),가압장,7.15,0.08,0.73,242.67,28.70,정상,230,770
418,개금1배수지,배수지,7.24,0.10,0.51,223.11,30.40,정상,230,770
419,범천1동,블록,7.29,0.12,0.26,288.10,28.90,정상,230,770
420,덕산정수장,정수장,6.74,0.10,1.05,-,-,정상,230,760
421,사상가압장(신설),가압장,7.15,0.08,0.73,242.67,28.70,정상,230,760
422,개금3동,블록,7.28,0.03,0.48,370.00,29.60,정상,230,760
423,덕산정수장,정수장,6.74,0.10,1.05,-,-,정상,230,750
424,사상가압장(신설),가압장,7.15,0.08,0.73,242.67,28.70,정상,230,750
425,개금2배수지,배수지,7.73,0.10,0.30,206.28,29.28,정상,230,750
426,개금2동,블록,7.65,0.06,0.09,287.06,-,정상,230,750
427,덕산정수장,정수장,6.74,0.10,1.05,-,-,정상,230,740
428,사상가압장(신설),가압장,7.15,0.08,0.73,242.67,28.70,정상,230,740
429,수정산터널배수지,배수지,7.19,0.13,0.43,-,-,정상,230,740
430,개금1동,블록,7.26,0.06,0.54,231.30,28.40,정상,230,740
431,덕산정수장,정수장,6.74,0.10,1.05,-,-,정상,230,730
432,사상가압장(신설),가압장,7.15,0.08,0.73,242.67,28.70,정상,230,730
433,수정산터널배수지,배수지,7.19,0.13,0.43,-,-,정상,230,730
434,덕산정수장,정수장,6.74,0.10,1.05,-,-,정상,230,720
435,사상가압장(신설),가압장,7.15,0.08,0.73,242.67,28.70,정상,230,720
436,수정산터널배수지,배수지,7.19,0.13,0.43,-,-,정상,230,720
437,덕산정수장,정수장,6.74,0.10,1.05,-,-,정상,230,710
438,사상가압장(신설),가압장,7.15,0.08,0.73,242.67,28.70,정상,230,710
439,개금1배수지,배수지,7.24,0.10,0.51,223.11,30.40,정상,230,710
440,가야1동,블록,7.22,0.06,0.35,271.90,26.20,정상,230,710
441,덕산정수장,정수장,6.74,0.10,1.05,-,-,정상,230,700
442,사상가압장(신설),가압장,7.15,0.08,0.73,242.67,28.70,정상,230,700
443,당감배수지,배수지,7.21,0.13,0.47,308.71,29.19,정상,230,700
444,덕산정수장,정수장,6.74,0.10,1.05,-,-,정상,230,690
445,사상가압장(신설),가압장,7.15,0.08,0.73,242.67,28.70,정상,230,690
446,덕산정수장,정수장,6.74,0.10,1.05,-,-,정상,230,680
447,사상가압장(신설),가압장,7.15,0.08,0.73,242.67,28.70,정상,230,680
448,덕산정수장,정수장,6.74,0.10,1.05,-,-,정상,230,670
449,사상가압장(신설),가압장,7.15,0.08,0.73,242.67,28.70,정상,230,670
450,당감1동,블록,7.18,0.05,0.48,232.60,29.00,정상,230,670
451,덕산정수장,정수장,6.74,0.10,1.05,-,-,정상,230,660
452,사상가압장(신설),가압장,7.15,0.08,0.73,242.67,28.70,정상,230,660
453,당감배수지,배수지,7.21,0.13,0.47,308.71,29.19,정상,230,660
454,덕산정수장,정수장,6.74,0.10,1.05,-,-,정상,230,640
455,사상가압장(신설),가압장,7.15,0.08,0.73,242.67,28.70,정상,230,640
456,전포2배수지,배수지,7.14,점검중,0.46,286.61,28.10,점검중,230,640
457,부암1동,블록,7.18,0.05,0.48,232.60,29.00,정상,230,640
458,덕산정수장,정수장,6.74,0.10,1.05,-,-,정상,230,620
459,사상가압장(신설),가압장,7.15,0.08,0.73,242.67,28.70,정상,230,620
460,전포2배수지,배수지,7.14,점검중,0.46,286.61,28.10,점검중,230,620
461,문현배수지,배수지,7.07,0.07,0.21,295.94,30.33,정상,230,620
462,전포3동,블록,7.13,0.07,0.18,305.30,28.90,정상,230,620
463,덕산정수장,정수장,6.74,0.10,1.05,-,-,정상,230,610
464,사상가압장(신설),가압장,7.15,0.08,0.73,242.67,28.70,정상,230,610
465,전포1배수지,배수지,7.13,0.11,0.45,335.66,28.38,미운영,230,610
466,전포2배수지,배수지,7.14,점검중,0.46,286.61,28.10,점검중,230,610
467,전포2동,블록,7.39,0.03,0.53,-,-,정상,230,610
468,덕산정수장,정수장,6.74,0.10,1.05,-,-,정상,230,600
469,사상가압장(신설),가압장,7.15,0.08,0.73,242.67,28.70,정상,230,600
470,전포1배수지,배수지,7.13,0.11,0.45,335.66,28.38,미운영,230,600
471,전포2배수지,배수지,7.14,점검중,0.46,286.61,28.10,점검중,230,600
472,전포1동,블록,7.39,0.03,0.53,-,-,정상,230,600
473,덕산정수장,정수장,6.74,0.10,1.05,-,-,정상,230,570
474,화명정수장,정수장,6.98,0.12,0.70,-,-,정상,230,570
475,덕천가압장,가압장,7.39,0.12,0.57,277.13,29.90,정상,230,570
476,사상가압장(신설),가압장,7.15,0.08,0.73,242.67,28.70,정상,230,570
477,전포1배수지,배수지,7.13,0.11,0.45,335.66,28.38,미운영,230,570
478,연산배수지,배수지,7.11,0.10,0.19,249.23,29.23,정상,230,570
479,덕산정수장,정수장,6.74,0.10,1.05,-,-,정상,230,560
480,화명정수장,정수장,6.98,0.12,0.70,-,-,정상,230,560
481,덕천가압장,가압장,7.39,0.12,0.57,277.13,29.90,정상,230,560
482,사상가압장(신설),가압장,7.15,0.08,0.73,242.67,28.70,정상,230,560
483,전포1배수지,배수지,7.13,0.11,0.45,335.66,28.38,미운영,230,560
484,거제배수지,배수지,6.90,0.03,0.12,-,-,정상,230,560
485,연산배수지,배수지,7.11,0.10,0.19,249.23,29.23,정상,230,560
486,화명정수장,정수장,6.98,0.12,0.70,-,-,정상,230,550
487,덕천가압장,가압장,7.39,0.12,0.57,277.13,29.90,정상,230,550
488,거제배수지,배수지,6.90,0.03,0.12,-,-,정상,230,550
489,화명정수장,정수장,6.98,0.12,0.70,-,-,정상,230,540
490,덕천가압장,가압장,7.39,0.12,0.57,277.13,29.90,정상,230,540
491,거제배수지,배수지,6.90,0.03,0.12,-,-,정상,230,540
492,연지동,블록,7.19,0.09,0.21,314.70,29.10,정상,230,540
493,덕산정수장,정수장,6.74,0.10,1.05,-,-,정상,230,530
494,사상가압장(신설),가압장,7.15,0.08,0.73,242.67,28.70,정상,230,530
495,전포1배수지,배수지,7.13,0.11,0.45,335.66,28.38,미운영,230,530
496,덕산정수장,정수장,6.74,0.10,1.05,-,-,정상,230,520
497,사상가압장(신설),가압장,7.15,0.08,0.73,242.67,28.70,정상,230,520
498,전포2배수지,배수지,7.14,점검중,0.46,286.61,28.10,점검중,230,520
499,덕산정수장,정수장,6.74,0.10,1.05,-,-,정상,230,510
500,사상가압장(신설),가압장,7.15,0.08,0.73,242.67,28.70,정상,230,510
501,전포1배수지,배수지,7.13,0.11,0.45,335.66,28.38,미운영,230,510
502,전포2배수지,배수지,7.14,점검중,0.46,286.61,28.10,점검중,230,510
503,덕산정수장,정수장,6.74,0.10,1.05,-,-,정상,200,670
504,사상가압장(기설),가압장,7.12,0.07,0.71,274.29,27.15,정상,200,670
505,청학배수지,배수지,7.18,0.09,0.52,313.56,28.40,정상,200,670
506,해돋이배수지,배수지,7.65,0.09,0.39,275.80,31.20,정상,200,670
507,동삼부스타,펌프장,7.17,0.23,0.47,-,-,정상,200,670
508,덕산정수장,정수장,6.74,0.10,1.05,-,-,정상,200,660
509,사상가압장(기설),가압장,7.12,0.07,0.71,274.29,27.15,정상,200,660
510,청학배수지,배수지,7.18,0.09,0.52,313.56,28.40,정상,200,660
511,동삼부스타,펌프장,7.17,0.23,0.47,-,-,정상,200,660
512,해돋이배수지,배수지,7.65,0.09,0.39,275.80,31.20,정상,200,650
513,동삼부스타,펌프장,7.17,0.23,0.47,-,-,정상,200,650
514,덕산정수장,정수장,6.74,0.10,1.05,-,-,정상,200,650
515,사상가압장(기설),가압장,7.12,0.07,0.71,274.29,27.15,정상,200,650
516,청학배수지,배수지,7.18,0.09,0.52,313.56,28.40,정상,200,650
517,덕산정수장,정수장,6.74,0.10,1.05,-,-,정상,200,640
518,사상가압장(기설),가압장,7.12,0.07,0.71,274.29,27.15,정상,200,640
519,청학배수지,배수지,7.18,0.09,0.52,313.56,28.40,정상,200,640
520,해돋이배수지,배수지,7.65,0.09,0.39,275.80,31.20,정상,200,640
521,동삼부스타,펌프장,7.17,0.23,0.47,-,-,정상,200,640
522,청학2동,블록,7.36,0.08,0.58,278.04,28.50,정상,200,640
523,덕산정수장,정수장,6.74,0.10,1.05,-,-,정상,200,630
524,사상가압장(기설),가압장,7.12,0.07,0.71,274.29,27.15,정상,200,630
525,청학배수지,배수지,7.18,0.09,0.52,313.56,28.40,정상,200,630
526,영도배수지,배수지,7.33,0.07,0.32,194.91,28.91,정상,200,630
527,해돋이배수지,배수지,7.65,0.09,0.39,275.80,31.20,정상,200,630
528,청학1동,블록,7.36,0.08,0.58,278.04,28.50,정상,200,630
529,덕산정수장,정수장,6.74,0.10,1.05,-,-,정상,200,605
530,사상가압장(기설),가압장,7.12,0.07,0.71,274.29,27.15,정상,200,605
531,청학배수지,배수지,7.18,0.09,0.52,313.56,28.40,정상,200,605
532,영도배수지,배수지,7.33,0.07,0.32,194.91,28.91,정상,200,605
533,해돋이배수지,배수지,7.65,0.09,0.39,275.80,31.20,정상,200,605
534,봉래2동,블록,7.72,0.10,0.58,278.04,28.50,정상,200,605
535,덕산정수장,정수장,6.74,0.10,1.05,-,-,정상,200,590
536,사상가압장(기설),가압장,7.12,0.07,0.71,274.29,27.15,정상,200,590
537,봉래1동,블록,7.72,0.10,0.47,-,-,정상,200,590
538,덕산정수장,정수장,6.74,0.10,1.05,-,-,정상,200,585
539,사상가압장(기설),가압장,7.12,0.07,0.71,274.29,27.15,정상,200,585
540,청학배수지,배수지,7.18,0.09,0.52,313.56,28.40,정상,200,585
541,영도배수지,배수지,7.33,0.07,0.32,194.91,28.91,정상,200,585
542,신선동,블록,7.19,0.09,0.55,212.51,28.54,정상,200,585
543,화명정수장,정수장,6.98,0.12,0.70,-,-,정상,200,570
544,덕천가압장,가압장,7.39,0.12,0.57,277.13,29.90,정상,200,570
545,연산배수지,배수지,7.11,0.10,0.19,249.23,29.23,정상,200,570
546,덕산정수장,정수장,6.74,0.10,1.05,-,-,정상,200,550
547,사상가압장(기설),가압장,7.12,0.07,0.71,274.29,27.15,정상,200,550
548,청학배수지,배수지,7.18,0.09,0.52,313.56,28.40,정상,200,550
549,영도배수지,배수지,7.33,0.07,0.32,194.91,28.91,정상,200,550
550,영선2동,블록,7.19,0.09,0.55,212.51,28.54,정상,200,550
551,덕산정수장,정수장,6.74,0.10,1.05,-,-,정상,200,540
552,사상가압장(기설),가압장,7.12,0.07,0.71,274.29,27.15,정상,200,540
553,덕산정수장,정수장,6.74,0.10,1.05,-,-,정상,200,530
554,사상가압장(기설),가압장,7.12,0.07,0.71,274.29,27.15,정상,200,530
555,덕산정수장,정수장,6.74,0.10,1.05,-,-,정상,170,680
556,사상가압장(기설),가압장,7.12,0.07,0.71,274.29,27.15,정상,170,680
557,영주배수지,배수지,7.26,0.09,0.37,241.18,28.77,정상,170,680
558,덕산정수장,정수장,6.74,0.10,1.05,-,-,정상,170,670
559,사상가압장(신설),가압장,7.15,0.08,0.73,242.67,28.70,정상,170,670
560,개금1배수지,배수지,7.24,0.10,0.51,223.11,30.40,정상,170,670
561,수정산터널배수지,배수지,7.19,0.13,0.43,-,-,정상,170,670
562,수정1배수지,배수지,7.29,0.07,0.31,299.83,29.85,정상,170,670
563,안창배수지,배수지,6.95,0.08,0.33,-,-,정상,170,670
564,범일4동,블록,7.21,0.09,0.44,230.64,27.60,정상,170,670
565,덕산정수장,정수장,6.74,0.10,1.05,-,-,정상,170,660
566,사상가압장(기설),가압장,7.12,0.07,0.71,274.29,27.15,정상,170,660
567,사상가압장(신설),가압장,7.15,0.08,0.73,242.67,28.70,정상,170,660
568,영주배수지,배수지,7.26,0.09,0.37,241.18,28.77,정상,170,660
569,개금1배수지,배수지,7.24,0.10,0.51,223.11,30.40,정상,170,660
570,덕산정수장,정수장,6.74,0.10,1.05,-,-,정상,170,650
571,사상가압장(기설),가압장,7.12,0.07,0.71,274.29,27.15,정상,170,650
572,사상가압장(신설),가압장,7.15,0.08,0.73,242.67,28.70,정상,170,650
573,개금1배수지,배수지,7.24,0.10,0.51,223.11,30.40,정상,170,650
574,수정산터널배수지,배수지,7.19,0.13,0.43,-,-,정상,170,650
575,영주배수지,배수지,7.26,0.09,0.37,241.18,28.77,정상,170,650
576,수정1배수지,배수지,7.29,0.07,0.31,299.83,29.85,정상,170,650
577,범일1동,블록,7.21,0.09,0.44,230.64,27.60,정상,170,650
578,덕산정수장,정수장,6.74,0.10,1.05,-,-,정상,170,640
579,사상가압장(신설),가압장,7.15,0.08,0.73,242.67,28.70,정상,170,640
580,수정산터널배수지,배수지,7.19,0.13,0.43,-,-,정상,170,640
581,좌천4동,블록,7.21,0.09,0.44,230.64,27.60,정상,170,640
582,덕산정수장,정수장,6.74,0.10,1.05,-,-,정상,170,610
583,사상가압장(기설),가압장,7.12,0.07,0.71,274.29,27.15,정상,170,610
584,사상가압장(신설),가압장,7.15,0.08,0.73,242.67,28.70,정상,170,610
585,개금1배수지,배수지,7.24,0.10,0.51,223.11,30.40,정상,170,610
586,수정산터널배수지,배수지,7.19,0.13,0.43,-,-,정상,170,610
587,영주배수지,배수지,7.26,0.09,0.37,241.18,28.77,정상,170,610
588,수정1배수지,배수지,7.29,0.07,0.31,299.83,29.85,정상,170,610
589,좌천1동,블록,7.24,0.06,0.15,-,-,정상,170,610
590,덕산정수장,정수장,6.74,0.10,1.05,-,-,정상,170,600
591,사상가압장(신설),가압장,7.15,0.08,0.73,242.67,28.70,정상,170,600
592,개금1배수지,배수지,7.24,0.10,0.51,223.11,30.40,정상,170,600
593,수정산터널배수지,배수지,7.19,0.13,0.43,-,-,정상,170,600
594,수정1배수지,배수지,7.29,0.07,0.31,299.83,29.85,정상,170,600
595,수정5동,블록,7.24,0.09,0.44,230.64,27.60,정상,170,600
596,덕산정수장,정수장,6.74,0.10,1.05,-,-,정상,170,590
597,사상가압장(신설),가압장,7.15,0.08,0.73,242.67,28.70,정상,170,590
598,수정산터널배수지,배수지,7.19,0.13,0.43,-,-,정상,170,590
599,덕산정수장,정수장,6.74,0.10,1.05,-,-,정상,170,580
600,사상가압장(신설),가압장,7.15,0.08,0.73,242.67,28.70,정상,170,580
601,개금1배수지,배수지,7.24,0.10,0.51,223.11,30.40,정상,170,580
602,수정1배수지,배수지,7.29,0.07,0.31,299.83,29.85,정상,170,580
603,덕산정수장,정수장,6.74,0.10,1.05,-,-,정상,170,570
604,사상가압장(기설),가압장,7.12,0.07,0.71,274.29,27.15,정상,170,570
605,사상가압장(신설),가압장,7.15,0.08,0.73,242.67,28.70,정상,170,570
606,영주배수지,배수지,7.26,0.09,0.37,241.18,28.77,정상,170,570
607,개금1배수지,배수지,7.24,0.10,0.51,223.11,30.40,정상,170,570
608,수정산터널배수지,배수지,7.19,0.13,0.43,-,-,정상,170,570
609,수정1배수지,배수지,7.29,0.07,0.31,299.83,29.85,정상,170,570
610,수정2동,블록,7.24,0.06,0.15,-,-,정상,170,570
611,덕산정수장,정수장,6.74,0.10,1.05,-,-,정상,170,560
612,사상가압장(신설),가압장,7.15,0.08,0.73,242.67,28.70,정상,170,560
613,개금1배수지,배수지,7.24,0.10,0.51,223.11,30.40,정상,170,560
614,수정산터널배수지,배수지,7.19,0.13,0.43,-,-,정상,170,560
615,수정1동,블록,7.17,0.08,0.58,279.02,30.20,정상,170,560
616,덕산정수장,정수장,6.74,0.10,1.05,-,-,정상,170,550
617,사상가압장(신설),가압장,7.15,0.08,0.73,242.67,28.70,정상,170,550
618,수정산터널배수지,배수지,7.19,0.13,0.43,-,-,정상,170,550
619,덕산정수장,정수장,6.74,0.10,1.05,-,-,정상,170,530
620,사상가압장(기설),가압장,7.12,0.07,0.71,274.29,27.15,정상,170,530
621,사상가압장(신설),가압장,7.15,0.08,0.73,242.67,28.70,정상,170,530
622,영주배수지,배수지,7.26,0.09,0.37,241.18,28.77,정상,170,530
623,개금1배수지,배수지,7.24,0.10,0.51,223.11,30.40,정상,170,530
624,수정산터널배수지,배수지,7.19,0.13,0.43,-,-,정상,170,530
625,초량3동,블록,7.17,0.08,0.58,279.02,30.20,정상,170,530
626,덕산정수장,정수장,6.74,0.10,1.05,-,-,정상,170,520
627,사상가압장(신설),가압장,7.15,0.08,0.73,242.67,28.70,정상,170,520
628,개금1배수지,배수지,7.24,0.10,0.51,223.11,30.40,정상,170,520
629,수정산터널배수지,배수지,7.19,0.13,0.43,-,-,정상,170,520
630,덕산정수장,정수장,6.74,0.10,1.05,-,-,정상,170,510
631,사상가압장(기설),가압장,7.12,0.07,0.71,274.29,27.15,정상,170,510
632,사상가압장(신설),가압장,7.15,0.08,0.73,242.67,28.70,정상,170,510
633,영주배수지,배수지,7.26,0.09,0.37,241.18,28.77,정상,170,510
634,개금1배수지,배수지,7.24,0.10,0.51,223.11,30.40,정상,170,510
635,덕산정수장,정수장,6.74,0.10,1.05,-,-,정상,140,680
636,사상가압장(기설),가압장,7.12,0.07,0.71,274.29,27.15,정상,140,680
637,남부민배수지,배수지,7.28,0.08,0.49,338.51,28.57,정상,140,680
638,감천배수지,배수지,7.07,0.08,0.28,295.75,29.10,정상,140,680
639,덕산정수장,정수장,6.74,0.10,1.05,-,-,정상,140,670
640,사상가압장(기설),가압장,7.12,0.07,0.71,274.29,27.15,정상,140,670
641,복병산배수지,배수지,6.81,0.08,0.40,293.32,30.55,정상,140,670
642,남부민배수지,배수지,7.28,0.08,0.49,338.51,28.57,정상,140,670
643,덕산정수장,정수장,6.74,0.10,1.05,-,-,정상,140,660
644,사상가압장(기설),가압장,7.12,0.07,0.71,274.29,27.15,정상,140,660
645,남부민배수지,배수지,7.28,0.08,0.49,338.51,28.57,정상,140,660
646,대티배수지,배수지,7.32,0.10,0.42,331.33,30.75,정상,140,660
647,남부민2동,블록,7.00,0.10,0.32,-,-,정상,140,660
648,덕산정수장,정수장,6.74,0.10,1.05,-,-,정상,140,650
649,사상가압장(기설),가압장,7.12,0.07,0.71,274.29,27.15,정상,140,650
650,복병산배수지,배수지,6.81,0.08,0.40,293.32,30.55,정상,140,650
651,남부민배수지,배수지,7.28,0.08,0.49,338.51,28.57,정상,140,650
652,대티배수지,배수지,7.32,0.10,0.42,331.33,30.75,정상,140,650
653,남부민1동,블록,7.27,0.10,0.57,256.71,28.50,정상,140,650
654,덕산정수장,정수장,6.74,0.10,1.05,-,-,정상,140,640
655,사상가압장(기설),가압장,7.12,0.07,0.71,274.29,27.15,정상,140,640
656,복병산배수지,배수지,6.81,0.08,0.40,293.32,30.55,정상,140,640
657,덕산정수장,정수장,6.74,0.10,1.05,-,-,정상,140,630
658,사상가압장(기설),가압장,7.12,0.07,0.71,274.29,27.15,정상,140,630
659,남부민배수지,배수지,7.28,0.08,0.49,338.51,28.57,정상,140,630
660,대티배수지,배수지,7.32,0.10,0.42,331.33,30.75,정상,140,630
661,초장동,블록,7.27,0.10,0.57,256.71,28.50,정상,140,630
662,덕산정수장,정수장,6.74,0.10,1.05,-,-,정상,140,615
663,사상가압장(기설),가압장,7.12,0.07,0.71,274.29,27.15,정상,140,615
664,대티배수지,배수지,7.32,0.10,0.42,331.33,30.75,정상,140,615
665,아미배수지,배수지,7.45,0.15,0.44,337.30,29.79,정상,140,615
666,대티2배수지,배수지,7.19,0.20,0.49,278.61,28.22,정상,140,615
667,아미동,블록,7.54,0.08,0.32,306.98,28.50,정상,140,615
668,덕산정수장,정수장,6.74,0.10,1.05,-,-,정상,140,590
669,사상가압장(기설),가압장,7.12,0.07,0.71,274.29,27.15,정상,140,590
670,대티배수지,배수지,7.32,0.10,0.42,331.33,30.75,정상,140,590
671,덕산정수장,정수장,6.74,0.10,1.05,-,-,정상,140,570
672,사상가압장(기설),가압장,7.12,0.07,0.71,274.29,27.15,정상,140,570
673,사상가압장(신설),가압장,7.15,0.08,0.73,242.67,28.70,정상,140,570
674,수정산터널배수지,배수지,7.19,0.13,0.43,-,-,정상,140,570
675,구덕배수지,배수지,7.81,0.07,0.35,-,30.90,정상,140,570
676,대티2배수지,배수지,7.19,0.20,0.49,278.61,28.22,정상,140,570
677,꽃마을배수지,배수지,7.91,0.07,0.01,282.30,27.00,정상,140,570
678,서대신4동,블록,7.60,0.10,0.20,337.90,29.29,정상,140,570
679,덕산정수장,정수장,6.74,0.10,1.05,-,-,정상,140,560
680,사상가압장(기설),가압장,7.12,0.07,0.71,274.29,27.15,정상,140,560
681,사상가압장(신설),가압장,7.15,0.08,0.73,242.67,28.70,정상,140,560
682,대티배수지,배수지,7.32,0.10,0.42,331.33,30.75,정상,140,560
683,수정산터널배수지,배수지,7.19,0.13,0.43,-,-,정상,140,560
684,대티2배수지,배수지,7.19,0.20,0.49,278.61,28.22,정상,140,560
685,서대신3동,블록,7.15,0.09,0.20,239.69,29.29,정상,140,560
686,덕산정수장,정수장,6.74,0.10,1.05,-,-,정상,140,540
687,사상가압장(기설),가압장,7.12,0.07,0.71,274.29,27.15,정상,140,540
688,대티배수지,배수지,7.32,0.10,0.42,331.33,30.75,정상,140,540
689,대티2배수지,배수지,7.19,0.20,0.49,278.61,28.22,정상,140,540
690,덕산정수장,정수장,6.74,0.10,1.05,-,-,정상,140,530
691,사상가압장(기설),가압장,7.12,0.07,0.71,274.29,27.15,정상,140,530
692,사상가압장(신설),가압장,7.15,0.08,0.73,242.67,28.70,정상,140,530
693,수정산터널배수지,배수지,7.19,0.13,0.43,-,-,정상,140,530
694,구덕배수지,배수지,7.81,0.07,0.35,-,30.90,정상,140,530
695,동대신3동,블록,7.15,0.36,0.53,-,-,정상,140,530
696,덕산정수장,정수장,6.74,0.10,1.05,-,-,정상,140,520
697,사상가압장(기설),가압장,7.12,0.07,0.71,274.29,27.15,정상,140,520
698,사상가압장(신설),가압장,7.15,0.08,0.73,242.67,28.70,정상,140,520
699,구덕배수지,배수지,7.81,0.07,0.35,-,30.90,정상,140,520
700,수정산터널배수지,배수지,7.19,0.13,0.43,-,-,정상,140,520
701,동대신2동,블록,7.15,0.36,0.53,-,-,정상,140,520
702,덕산정수장,정수장,6.74,0.10,1.05,-,-,정상,140,510
703,사상가압장(기설),가압장,7.12,0.07,0.71,274.29,27.15,정상,140,510
704,사상가압장(신설),가압장,7.15,0.08,0.73,242.67,28.70,정상,140,510
705,수정산터널배수지,배수지,7.19,0.13,0.43,-,-,정상,140,510
706,덕산정수장,정수장,6.74,0.10,1.05,-,-,정상,110,600
707,사상가압장(신설),가압장,7.15,0.08,0.73,242.67,28.70,정상,110,600
708,수정산터널배수지,배수지,7.19,0.13,0.43,-,-,정상,110,600
709,덕산정수장,정수장,6.74,0.10,1.05,-,-,정상,110,590
710,사상가압장(기설),가압장,7.12,0.07,0.71,274.29,27.15,정상,110,590
711,사상가압장(신설),가압장,7.15,0.08,0.73,242.67,28.70,정상,110,590
712,복병산배수지,배수지,6.81,0.08,0.40,293.32,30.55,정상,110,590
713,개금1배수지,배수지,7.24,0.10,0.51,223.11,30.40,정상,110,590
714,수정산터널배수지,배수지,7.19,0.13,0.43,-,-,정상,110,590
715,덕산정수장,정수장,6.74,0.10,1.05,-,-,정상,110,580
716,사상가압장(기설),가압장,7.12,0.07,0.71,274.29,27.15,정상,110,580
717,복병산배수지,배수지,6.81,0.08,0.40,293.32,30.55,정상,110,580
718,덕산정수장,정수장,6.74,0.10,1.05,-,-,정상,110,570
719,사상가압장(기설),가압장,7.12,0.07,0.71,274.29,27.15,정상,110,570
720,복병산배수지,배수지,6.81,0.08,0.40,293.32,30.55,정상,110,570
721,광복동,블록,6.98,0.12,0.58,-,-,정상,110,570
722,덕산정수장,정수장,6.74,0.10,1.05,-,-,정상,110,560
723,사상가압장(기설),가압장,7.12,0.07,0.71,274.29,27.15,정상,110,560
724,복병산배수지,배수지,6.81,0.08,0.40,293.32,30.55,정상,110,560
725,덕산정수장,정수장,6.74,0.10,1.05,-,-,정상,110,545
726,사상가압장(기설),가압장,7.12,0.07,0.71,274.29,27.15,정상,110,545
727,사상가압장(신설),가압장,7.15,0.08,0.73,242.67,28.70,정상,110,545
728,복병산배수지,배수지,6.81,0.08,0.40,293.32,30.55,정상,110,545
729,수정산터널배수지,배수지,7.19,0.13,0.43,-,-,정상,110,545
730,덕산정수장,정수장,6.74,0.10,1.05,-,-,정상,110,530
731,사상가압장(기설),가압장,7.12,0.07,0.71,274.29,27.15,정상,110,530
732,사상가압장(신설),가압장,7.15,0.08,0.73,242.67,28.70,정상,110,530
733,복병산배수지,배수지,6.81,0.08,0.40,293.32,30.55,정상,110,530
734,수정산터널배수지,배수지,7.19,0.13,0.43,-,-,정상,110,530
735,대청동,블록,7.28,0.12,0.58,370.00,29.60,정상,110,530
736,덕산정수장,정수장,6.74,0.10,1.05,-,-,정상,110,520
737,사상가압장(기설),가압장,7.12,0.07,0.71,274.29,27.15,정상,110,520
738,사상가압장(신설),가압장,7.15,0.08,0.73,242.67,28.70,정상,110,520
739,복병산배수지,배수지,6.81,0.08,0.40,293.32,30.55,정상,110,520
740,수정산터널배수지,배수지,7.19,0.13,0.43,-,-,정상,110,520
741,덕산정수장,정수장,6.74,0.10,1.05,-,-,정상,110,510
742,사상가압장(기설),가압장,7.12,0.07,0.71,274.29,27.15,정상,110,510
743,복병산배수지,배수지,6.81,0.08,0.40,293.32,30.55,정상,110,510
744,영주배수지,배수지,7.26,0.09,0.37,241.18,28.77,정상,110,510
