<?xml version="1.0" encoding="UTF-8" ?> 
<!DOCTYPE mapper
 PUBLIC "-//mybatis.org//DTD Mapper 3.0//EN"
 "http://mybatis.org/dtd/mybatis-3-mapper.dtd">


<mapper namespace="com.mybatis.mapper.BoardMapper">

	<sql id="search">
		<where>
			<if test="word != null and field =='writer'">
				writer like CONCAT ('%',#{word},'%')
			</if>
			<if test="word != null and field == 'content'">
				content like CONCAT ('%', #{word}, '%')
			</if>
		</where>
	</sql>

	<!-- list -->
	<select id="findAll" resultType="com.mybatis.dto.BoardDTO">
		select *
		from board
		<include refid="search" />
		order by num desc limit #{start}, #{pageSize}
	</select>

	<!-- count -->
	<select id="getCount" resultType="int">
		select count(*)
		from board
		<include refid="search" />
	</select>
	
	<update id="updateReplyCnt">
		update board set replyCnt = replyCnt+1 where num = #{bnum}
	</update>

</mapper>
